{"packages/cupertino_icons/assets/CupertinoIcons.ttf":["packages/cupertino_icons/assets/CupertinoIcons.ttf"],"assets/fonts/Montserrat-Bold.ttf":["assets/fonts/Montserrat-Bold.ttf"],"assets/fonts/Montserrat-BoldItalic.ttf":["assets/fonts/Montserrat-BoldItalic.ttf"],"assets/fonts/Montserrat-Italic.ttf":["assets/fonts/Montserrat-Italic.ttf"],"assets/fonts/Montserrat-Light.ttf":["assets/fonts/Montserrat-Light.ttf"],"assets/fonts/Montserrat-LightItalic.ttf":["assets/fonts/Montserrat-LightItalic.ttf"],"assets/fonts/Montserrat-Medium.ttf":["assets/fonts/Montserrat-Medium.ttf"],"assets/fonts/Montserrat-MediumItalic.ttf":["assets/fonts/Montserrat-MediumItalic.ttf"],"assets/fonts/Montserrat-Regular.ttf":["assets/fonts/Montserrat-Regular.ttf"],"assets/fonts/Montserrat-SemiBold.ttf":["assets/fonts/Montserrat-SemiBold.ttf"],"assets/fonts/Montserrat-SemiBoldItalic.ttf":["assets/fonts/Montserrat-SemiBoldItalic.ttf"],"assets/images/icons/home_page/account.png":["assets/images/icons/home_page/account.png"],"assets/images/icons/sales_page/cart.png":["assets/images/icons/sales_page/cart.png"],"assets/images/icons/home_page/category.png":["assets/images/icons/home_page/category.png"],"assets/images/background/circle_fc_lg.png":["assets/images/background/circle_fc_lg.png"],"assets/images/background/circle_fc_md.png":["assets/images/background/circle_fc_md.png"],"assets/images/icons/home_page/close.png":["assets/images/icons/home_page/close.png"],"assets/images/icons/resp_page/confirmation.png":["assets/images/icons/resp_page/confirmation.png"],"assets/images/icons/resp_page/connection.png":["assets/images/icons/resp_page/connection.png"],"assets/images/icons/title_page/create.png":["assets/images/icons/title_page/create.png"],"assets/images/icons/home_page/doctor.png":["assets/images/icons/home_page/doctor.png"],"assets/images/background/dounat_fc_lg.png":["assets/images/background/dounat_fc_lg.png"],"assets/images/background/dounat_fc_sm.png":["assets/images/background/dounat_fc_sm.png"],"assets/images/icons/state_page/emptycart.png":["assets/images/icons/state_page/emptycart.png"],"assets/images/icons/home_page/formula.png":["assets/images/icons/home_page/formula.png"],"assets/images/icons/item_page/item.png":["assets/images/icons/item_page/item.png"],"assets/images/icons/home_page/item.png":["assets/images/icons/home_page/item.png"],"assets/images/icons/home_page/itemin.png":["assets/images/icons/home_page/itemin.png"],"assets/images/icons/home_page/itemout.png":["assets/images/icons/home_page/itemout.png"],"assets/images/icons/home_page/lab.png":["assets/images/icons/home_page/lab.png"],"assets/images/icons/login_page/login.png":["assets/images/icons/login_page/login.png"],"assets/images/logo-white.png":["assets/images/logo-white.png"],"assets/images/logo.png":["assets/images/logo.png"],"packages/mdi/fonts/materialdesignicons-webfont.ttf":["packages/mdi/fonts/materialdesignicons-webfont.ttf"],"assets/images/icons/home_page/netto.png":["assets/images/icons/home_page/netto.png"],"assets/images/icons/state_page/noresult.png":["assets/images/icons/state_page/noresult.png"],"assets/images/background/panel_slide_up.png":["assets/images/background/panel_slide_up.png"],"assets/images/icons/home_page/patient.png":["assets/images/icons/home_page/patient.png"],"assets/images/icons/home_page/pobb.png":["assets/images/icons/home_page/pobb.png"],"assets/images/icons/resp_page/progress.png":["assets/images/icons/resp_page/progress.png"],"assets/images/icons/home_page/purchase.png":["assets/images/icons/home_page/purchase.png"],"assets/images/icons/home_page/recipe.png":["assets/images/icons/home_page/recipe.png"],"assets/images/icons/sales_page/recipe.png":["assets/images/icons/sales_page/recipe.png"],"assets/images/icons/home_page/regular.png":["assets/images/icons/home_page/regular.png"],"assets/images/icons/home_page/report.png":["assets/images/icons/home_page/report.png"],"assets/images/icons/home_page/so.png":["assets/images/icons/home_page/so.png"],"assets/images/icons/resp_page/success.png":["assets/images/icons/resp_page/success.png"],"assets/images/icons/home_page/supplier.png":["assets/images/icons/home_page/supplier.png"],"assets/images/icons/home_page/unit.png":["assets/images/icons/home_page/unit.png"],"assets/images/icons/home_page/user.png":["assets/images/icons/home_page/user.png"],"assets/images/icons/home_page/wallet.png":["assets/images/icons/home_page/wallet.png"]}