[{"family":"MaterialIcons","fonts":[{"asset":"fonts/MaterialIcons-Regular.ttf"}]},{"family":"Montserrat","fonts":[{"asset":"assets/fonts/Montserrat-Bold.ttf"},{"weight":700,"asset":"assets/fonts/Montserrat-BoldItalic.ttf"},{"asset":"assets/fonts/Montserrat-SemiBold.ttf"},{"weight":600,"asset":"assets/fonts/Montserrat-SemiBoldItalic.ttf"},{"weight":500,"asset":"assets/fonts/Montserrat-Medium.ttf"},{"weight":500,"style":"italic","asset":"assets/fonts/Montserrat-MediumItalic.ttf"},{"weight":400,"asset":"assets/fonts/Montserrat-Regular.ttf"},{"style":"italic","asset":"assets/fonts/Montserrat-Italic.ttf"},{"asset":"assets/fonts/Montserrat-Light.ttf"},{"weight":300,"asset":"assets/fonts/Montserrat-LightItalic.ttf"}]},{"family":"packages/cupertino_icons/CupertinoIcons","fonts":[{"asset":"packages/cupertino_icons/assets/CupertinoIcons.ttf"}]},{"family":"packages/mdi/Material Design Icons","fonts":[{"asset":"packages/mdi/fonts/materialdesignicons-webfont.ttf"}]}]